game_id,group,game_name,n_months,first_month,last_month,peak_avg,peak_concurrent,mean_avg,median_avg,peak_position,recent_avg,retention_ratio,months_above_half_peak,release_year,base_price,Estimated Owners
440,Free-to-play,Team Fortress 2,166,2012-07-01,2026-04-01,118906.77,253225,60565.03795180724,52918.83,0.8,47170.844166666655,0.396704444723094,0.3674698795180723,2007,Free,20M - 50M
550,Paid,Left 4 Dead 2,166,2012-07-01,2026-04-01,34798.59,161590,14658.997409638556,12247.98,0.8,22551.43166666667,0.6480559030313203,0.3373493975903614,2009,$9.99,20M - 50M
570,Free-to-play,Dota 2,166,2012-07-01,2026-04-01,709178.26,1291328,454208.0010240964,450487.71499999997,0.2606060606060606,512258.2808333333,0.7223265428826503,0.8975903614457831,2013,Free,100M+
730,Free-to-play,Counter-Strike 2,166,2012-07-01,2026-04-01,1117517.4,1818368,494705.27734939766,398438.065,0.7878787878787878,995213.4233333335,0.8905574296501634,0.4036144578313253,2012,Free,100M+
4000,Paid,Garry's Mod,166,2012-07-01,2026-04-01,38758.97,73750,24645.592108433735,24825.559999999998,0.5636363636363636,20124.28833333333,0.519216282923239,0.8373493975903614,2006,$9.99,20M - 50M
12210,Paid,Grand Theft Auto IV: Complete,166,2012-07-01,2026-04-01,4401.87,11696,1625.8739156626507,1575.6399999999999,0.07272727272727272,2608.1575,0.5925112509001855,0.2469879518072289,2020,$6.99,5M - 10M
48700,Paid,Mount & Blade: Warband,166,2012-07-01,2026-04-01,10991.36,32799,5106.683253012049,4331.83,0.5575757575757576,3160.9391666666666,0.28758399021291875,0.39759036144578314,2010,$19.99,5M - 10M
49520,Paid,Borderlands 2,164,2012-09-01,2026-04-01,61242.78,123596,7030.92487804878,5642.014999999999,0.0,3180.0400000000004,0.05192514121664628,0.018292682926829267,2012,$19.99,5M - 10M
72850,Paid,The Elder Scrolls V: Skyrim,166,2012-07-01,2026-04-01,39165.78,90780,12776.334457831326,9011.650000000001,0.10909090909090909,1330.3825,0.03396798174324627,0.3313253012048193,2011,$19.99,10M - 20M
105600,Paid,Terraria,166,2012-07-01,2026-04-01,129808.62,486918,23951.049638554217,21948.77,0.5696969696969697,35131.5325,0.27064098285614624,0.024096385542168676,2011,$9.99,20M - 50M
109600,Free-to-play,Neverwinter,149,2013-12-01,2026-04-01,7187.49,14822,1837.9912080536913,1778.75,0.0,638.0375,0.0887705582894724,0.0738255033557047,2013,Free,5M - 10M
113400,Free-to-play,APB Reloaded,166,2012-07-01,2026-04-01,2980.53,5592,937.1877710843374,545.235,0.07878787878787878,150.32333333333332,0.05043510158707791,0.25301204819277107,2011,Free,5M - 10M
203160,Paid,Tomb Raider,158,2013-03-01,2026-04-01,12969.71,89494,1397.2582278481011,1152.8400000000001,0.535031847133758,1259.8441666666668,0.09713741993203139,0.012658227848101266,2013,$14.99,5M - 10M
211500,Free-to-play,RaceRoom Racing Experience,164,2012-09-01,2026-04-01,915.02,2600,357.5364024390244,339.485,0.9754601226993865,723.0908333333332,0.7902459326936386,0.2682926829268293,2013,Free,5M - 10M
218230,Free-to-play,PlanetSide 2,162,2012-11-01,2026-04-01,16240.47,29449,2192.5812962962964,1836.37,0.0,530.2025,0.03264699235921128,0.012345679012345678,2012,Free,5M - 10M
221100,Paid,DayZ,163,2012-10-01,2026-04-01,41396.66,78739,17337.82398773006,14731.7,0.9197530864197531,37000.28333333333,0.8937987589659003,0.3803680981595092,2018,$49.99,5M - 10M
224260,Free-to-play,No More Room in Hell,150,2013-11-01,2026-04-01,4105.84,10869,679.5446000000001,518.165,0.0,410.26833333333326,0.09992311764056398,0.02,2013,Free,5M - 10M
225840,Free-to-play,Sven Co-op,124,2016-01-01,2026-04-01,2394.71,6510,334.83338709677423,305.96500000000003,0.0,214.58916666666664,0.08960966741971539,0.016129032258064516,2016,Free,5M - 10M
230410,Free-to-play,Warframe,158,2013-03-01,2026-04-01,86044.53,181509,38848.12740506329,40741.31,0.9745222929936306,55119.713333333326,0.6405952049866892,0.43670886075949367,2013,Free,50M - 100M
236390,Free-to-play,War Thunder,156,2013-04-01,2026-04-01,70092.17,125317,26892.262692307697,13453.455,0.832258064516129,56170.84416666667,0.8013854353013563,0.32051282051282054,2013,Free,20M - 50M
244210,Paid,Assetto Corsa,151,2013-10-01,2026-04-01,10698.78,20019,4263.2937748344375,2576.63,0.8533333333333334,9827.664999999997,0.9185780995590148,0.33774834437086093,2014,$19.99,5M - 10M
252490,Paid,Rust,149,2013-12-01,2026-04-01,142117.25,259646,56276.53677852349,50417.72,0.5743243243243243,104090.64166666668,0.7324279189659713,0.38926174496644295,2018,$39.99,10M - 20M
253710,Free-to-play,theHunter Classic,143,2014-06-01,2026-04-01,1459.03,2703,722.7402797202798,689.18,0.49295774647887325,506.4550000000001,0.34711760553244286,0.43356643356643354,2014,Free,5M - 10M
268910,Paid,Cuphead,107,2017-06-01,2026-04-01,7988.61,19076,1453.141214953271,1309.09,0.03773584905660377,2043.0983333333336,0.25575141774768495,0.018691588785046728,2017,$19.99,5M - 10M
271590,Paid,Grand Theft Auto V Legacy,133,2015-04-01,2026-04-01,192714.01,360761,77237.81631578947,78010.66,0.0,68599.115,0.35596330022918415,0.2631578947368421,2015,$29.99,50M - 100M
273110,Free-to-play,Counter-Strike Nexon: Studio,140,2014-09-01,2026-04-01,4796.67,9858,1210.7424999999998,600.7149999999999,0.07913669064748201,394.1766666666667,0.08217714928620619,0.21428571428571427,2014,Free,10M - 20M
273350,Free-to-play,Evolve Stage 2,135,2015-02-01,2026-04-01,15378.48,51099,413.73659259259256,24.91,0.12686567164179105,10.351666666666665,0.0006731267762917183,0.014814814814814815,2015,Free,5M - 10M
275850,Paid,No Man's Sky,117,2016-08-01,2026-04-01,45883.75,212321,8261.293076923077,6853.47,0.9396551724137931,15570.270833333334,0.3393417241034862,0.02564102564102564,2016,$59.99,5M - 10M
284160,Paid,BeamNG.drive,141,2014-08-01,2026-04-01,21397.71,38677,6055.282624113474,3391.9,0.9785714285714285,18380.859999999997,0.859010613752593,0.23404255319148937,2015,$24.99,5M - 10M
292030,Paid,The Witcher 3: Wild Hunt,132,2015-05-01,2026-04-01,51916.54,103329,15251.08181818182,13523.9,0.0,14281.609166666667,0.2750878461212297,0.06060606060606061,2015,$39.99,20M - 50M
294100,Paid,RimWorld,120,2016-05-01,2026-04-01,51133.98,95851,16169.79775,16376.815,0.9243697478991597,29580.7625,0.5784952100345016,0.1,2018,$34.99,5M - 10M
304930,Free-to-play,Unturned,143,2014-06-01,2026-04-01,66897.53,112648,23389.97503496504,18579.59,0.7253521126760564,10668.4,0.15947375037613495,0.16783216783216784,2017,Free,20M - 50M
306130,Paid,The Elder Scrolls Online,142,2014-07-01,2026-04-01,28467.65,49061,11470.198591549299,11942.91,0.48936170212765956,10211.086666666666,0.35869088831240603,0.31690140845070425,2017,$19.99,5M - 10M
308600,Free-to-play,Gene Shift Auto,112,2017-01-01,2026-04-01,2242.47,213183,67.24517857142857,12.84,0.21621621621621623,28.953333333333333,0.012911358160124032,0.017857142857142856,2017,Free,5M - 10M
311210,Paid,Call of Duty: Black Ops III,126,2015-11-01,2026-04-01,24852.85,63681,4194.372380952382,3541.16,0.0,4043.2825,0.162688886787632,0.031746031746031744,2015,$59.99,5M - 10M
333930,Free-to-play,Dirty Bomb,133,2015-01-01,2026-04-01,7101.69,12963,806.1545112781956,258.39,0.022727272727272728,35.795,0.005040349550599928,0.022556390977443608,2015,Free,5M - 10M
346900,Free-to-play,AdVenture Capitalist,133,2015-04-01,2026-04-01,14188.96,22927,2447.830526315789,1484.93,0.007575757575757576,1137.3308333333332,0.08015603915532452,0.06766917293233082,2015,Free,5M - 10M
351640,Free-to-play,Eternal Senia,126,2015-06-01,2026-03-01,295.23,606,14.816428571428572,5.96,0.0,2.641666666666666,0.00894782598877711,0.007936507936507936,2015,Free,500K - 1M
363970,Free-to-play,Clicker Heroes,132,2015-05-01,2026-04-01,42720.73,65560,6259.762878787878,2771.12,0.007633587786259542,1960.3291666666667,0.0458870709060137,0.06818181818181818,2015,Free,5M - 10M
374320,Paid,DARK SOULS III,121,2016-04-01,2026-04-01,74266.65,129831,8255.359917355372,6819.21,0.0,4814.399166666667,0.06482585610993181,0.008264462809917356,2016,$59.99,5M - 10M
391540,Paid,Undertale,128,2015-09-01,2026-04-01,4973.5,11071,1298.22953125,999.9649999999999,0.031496062992125984,1867.66,0.3755222680205087,0.09375,2015,$9.99,5M - 10M
394360,Paid,Hearts of Iron IV,121,2016-04-01,2026-04-01,41614.67,93196,23281.11289256198,24607.94,0.8583333333333333,36152.01916666667,0.8687325687471912,0.5785123966942148,2016,$49.99,5M - 10M
397900,Free-to-play,Business Tour,115,2016-10-01,2026-04-01,2467.95,7614,858.284956521739,837.64,0.3684210526315789,548.1533333333333,0.22210876773570506,0.1391304347826087,2017,Free,5M - 10M
427520,Paid,Factorio,123,2016-02-01,2026-04-01,54228.89,118166,11059.3018699187,10672.03,0.860655737704918,16120.490833333331,0.2972675788372827,0.024390243902439025,2020,$35.00,5M - 10M
435150,Paid,Divinity: Original Sin 2,117,2016-08-01,2026-04-01,28002.91,93350,6938.876495726495,7087.08,0.1206896551724138,5533.685833333333,0.19761109946549602,0.02564102564102564,2017,$44.99,5M - 10M
466240,Free-to-play,Deceit,116,2016-09-01,2026-04-01,3818.75,16503,831.4037068965516,657.6800000000001,0.3739130434782609,82.30416666666666,0.021552645935624656,0.08620689655172414,2017,Free,5M - 10M
489520,Free-to-play,Minion Masters,115,2016-10-01,2026-04-01,2795.05,10160,671.7529565217392,659.45,0.2982456140350877,282.36,0.10102144863240371,0.06086956521739131,2019,Free,5M - 10M
489830,Paid,The Elder Scrolls V: Skyrim SE,116,2016-09-01,2026-04-01,32154.27,69777,16984.18775862069,17654.67,0.8695652173913043,22022.004166666662,0.6848858383868351,0.5775862068965517,2016,$39.99,10M - 20M
489940,Free-to-play,BATTALION: Legacy,112,2016-11-01,2026-04-01,4046.26,16341,104.76214285714286,4.6,0.27927927927927926,6.32,0.001561936207757287,0.017857142857142856,2019,Free,500K - 1M
518790,Paid,theHunter: Call of the Wild,113,2016-12-01,2026-04-01,10131.02,24953,3488.17796460177,3224.72,0.8571428571428571,4860.107500000001,0.4797253879668583,0.22123893805309736,2017,$19.99,5M - 10M
526870,Paid,Satisfactory,71,2020-06-01,2026-04-01,70615.03,185957,14273.05957746479,11651.59,0.7285714285714285,18493.126666666663,0.26188655115867915,0.028169014084507043,2024,$39.99,5M - 10M
534380,Paid,Dying Light 2 Stay Human,51,2022-02-01,2026-04-01,91226.88,274983,6660.853921568627,4503.33,0.0,4327.7525,0.04743944438305902,0.0196078431372549,2022,$59.99,5M - 10M
548430,Paid,Deep Rock Galactic,113,2016-12-01,2026-04-01,21637.55,53558,6834.43628318584,6701.67,0.6339285714285714,8333.123333333333,0.38512323869076365,0.23008849557522124,2020,$29.99,5M - 10M
553850,Paid,HELLDIVERS 2,27,2024-02-01,2026-04-01,274304.38,458208,60707.001481481486,40433.48,0.0,45020.2875,0.16412529577544477,0.1111111111111111,2024,$39.99,10M - 20M
555570,Free-to-play,Infestation: The New Z,114,2016-11-01,2026-04-01,8581.01,13915,993.9435087719298,378.70500000000004,0.017699115044247787,136.75833333333335,0.015937323617305345,0.05263157894736842,2016,Free,5M - 10M
578080,Free-to-play,PUBG: BATTLEGROUNDS,110,2017-03-01,2026-04-01,1584886.77,3236027,344974.6608181818,266846.975,0.09174311926605505,296155.7141666666,0.1868623801854732,0.08181818181818182,2017,Free,50M - 100M
588430,Free-to-play,Fallout Shelter,109,2017-04-01,2026-04-01,16783.83,42390,1692.2536697247708,1237.8,0.0,1818.6533333333334,0.10835746866676636,0.009174311926605505,2017,Free,5M - 10M
588650,Paid,Dead Cells,111,2017-02-01,2026-04-01,7020.91,14880,2319.034144144144,2292.1,0.5363636363636364,2303.935,0.32815333055116785,0.0990990990990991,2018,$12.49,5M - 10M
632360,Paid,Risk of Rain 2,85,2019-04-01,2026-04-01,28154.67,74945,8183.209411764707,7008.99,0.4166666666666667,8828.785833333333,0.3135815775263334,0.07058823529411765,2020,$24.99,5M - 10M
646570,Paid,Slay the Spire,106,2017-06-01,2026-04-01,27175.57,56201,9113.109528301888,8326.75,0.9714285714285714,15720.606666666665,0.5784830517507698,0.08490566037735849,2019,$8.49,5M - 10M
677620,Free-to-play,Splitgate,84,2019-05-01,2026-04-01,36262.0,67724,1138.6155952380952,246.635,0.3253012048192771,55.71333333333333,0.0015364109352306362,0.011904761904761904,2019,Free,5M - 10M
698780,Free-to-play,Doki Doki Literature Club!,103,2017-10-01,2026-04-01,3864.17,7402,645.1422330097087,493.09,0.029411764705882353,458.65166666666664,0.1186934494772918,0.02912621359223301,2017,Free,5M - 10M
700330,Free-to-play,SCP: Secret Laboratory,101,2017-12-01,2026-04-01,6805.8,13662,3683.356732673268,3646.54,0.68,4449.811666666667,0.6538263931744493,0.5841584158415841,2017,Free,5M - 10M
766570,Free-to-play,Russian Fishing 4,95,2018-06-01,2026-04-01,14415.59,27906,6187.283789473682,4410.94,0.9680851063829787,11710.423333333332,0.8123443669897196,0.3368421052631579,2021,Free,5M - 10M
782330,Paid,DOOM Eternal,74,2020-03-01,2026-04-01,31279.17,84865,2226.832972972973,1590.6,0.0,1377.9283333333333,0.04405258622058492,0.013513513513513514,2020,$39.99,5M - 10M
844870,Free-to-play,KurtzPel,84,2019-05-01,2026-04-01,4583.47,11878,473.3623809523809,141.625,0.012048192771084338,18.899166666666666,0.004123331595203342,0.023809523809523808,2019,Free,5M - 10M
976730,Paid,Halo: The Master Chief Collection,77,2019-12-01,2026-04-01,24748.92,93305,5408.432467532467,4357.2,0.0,4250.768333333333,0.17175571028284603,0.025974025974025976,2019,$39.99,5M - 10M
1046930,Free-to-play,Dota Underlords,83,2019-06-01,2026-04-01,76388.35,202254,5433.679277108433,1998.34,0.0,924.8433333333332,0.012107125410266529,0.024096385542168676,2019,Free,5M - 10M
1049590,Free-to-play,Eternal Return,67,2020-10-01,2026-04-01,20732.17,52288,7218.570149253732,6839.98,0.030303030303030304,8271.137499999999,0.39895184633350006,0.16417910447761194,2023,Free,5M - 10M
1063730,Paid,New World: Aeternum,55,2021-10-01,2026-04-01,410170.71,913027,26568.58490909091,13615.35,0.0,5324.854166666667,0.012982043907198216,0.01818181818181818,2021,$59.99,10M - 20M
1085660,Paid,Destiny 2 (Paid Legacy Pack),79,2019-10-01,2026-04-01,165307.82,316651,55319.29620253165,54967.12,0.0,20148.1325,0.12188251287809614,0.12658227848101267,2019,$39.99,10M - 20M
1118200,Paid,People Playground,82,2019-07-01,2026-04-01,8223.57,15643,4215.774878048782,4612.23,0.5925925925925926,4272.320833333334,0.5195214284469317,0.6585365853658537,2019,$9.99,5M - 10M
1145360,Paid,Hades,77,2019-12-01,2026-04-01,19587.12,54015,5818.432467532467,4849.16,0.13157894736842105,4806.7666666666655,0.24540446306892824,0.1038961038961039,2020,$24.99,5M - 10M
1147690,Free-to-play,NGU IDLE,79,2019-10-01,2026-04-01,6595.37,8012,4254.414556962025,3496.74,0.19230769230769232,3265.129166666666,0.4950638351853901,0.810126582278481,2019,Free,500K - 1M
1172470,Free-to-play,Apex Legends,66,2020-11-01,2026-04-01,257416.67,624473,143471.36287878788,138043.93,0.4153846153846154,97611.17499999999,0.3791952362681095,0.5606060606060606,2020,Free,50M - 100M
1172620,Paid,Sea of Thieves,71,2020-06-01,2026-04-01,29454.49,66632,10677.49,9814.66,0.0,5514.474166666667,0.18722015443712203,0.1267605633802817,2020,$39.99,5M - 10M
1229490,Paid,ULTRAKILL,68,2020-09-01,2026-04-01,7713.31,69799,1570.713823529412,1487.835,0.9850746268656716,3204.6975,0.4154763000579518,0.058823529411764705,2020,$24.99,5M - 10M
1237970,Paid,Titanfall 2,71,2020-06-01,2026-04-01,9655.02,27547,2558.5595774647886,2090.18,0.5571428571428572,1631.6958333333334,0.1689997362339315,0.08450704225352113,2020,$29.99,5M - 10M
1238810,Paid,Battlefield V,71,2020-06-01,2026-04-01,27361.64,114017,9335.456056338027,8069.28,0.22857142857142856,4481.7675,0.16379747339706247,0.15492957746478872,2020,$49.99,5M - 10M
1275670,Free-to-play,Outcore: Desktop Adventure,43,2022-10-01,2026-04-01,103.96,453,48.354651162790695,45.57,0.30952380952380953,34.44166666666666,0.3312972938309606,0.32558139534883723,2022,Free,500K - 1M
1286830,Free-to-play,STAR WARS: The Old Republic,70,2020-07-01,2026-04-01,18449.73,27416,5092.615714285715,4441.129999999999,0.0,3954.1374999999994,0.21431953204735243,0.02857142857142857,2020,Free,5M - 10M
1332010,Paid,Stray,46,2022-07-01,2026-04-01,21980.49,51455,1144.8895652173917,515.915,0.0,498.18416666666667,0.022664834435750368,0.021739130434782608,2022,$29.99,5M - 10M
1335200,Free-to-play,Action Taimanin,67,2020-10-01,2026-04-01,1129.25,3400,874.3861194029851,864.18,0.8181818181818182,924.9449999999998,0.8190790347575823,1.0,2020,Free,500K - 1M
1397920,Free-to-play,Mr.Mine,67,2020-10-01,2026-04-01,3314.58,5093,1126.2864179104479,1011.52,0.0,814.5216666666666,0.24573902777023535,0.13432835820895522,2020,Free,500K - 1M
1407200,Free-to-play,World of Tanks,60,2021-05-01,2026-04-01,10435.2,24057,3681.814,3208.67,0.8813559322033898,6390.385000000001,0.6123874003373199,0.15,2021,Free,10M - 20M
1426210,Paid,It Takes Two,62,2021-03-01,2026-04-01,16147.44,69976,6256.5493548387085,5891.35,0.7377049180327869,8871.608333333332,0.5494126829598581,0.1774193548387097,2021,$39.99,5M - 10M
1551360,Paid,Forza Horizon 5,54,2021-11-01,2026-04-01,39903.36,80745,11447.862037037037,11233.0,0.0,12569.18,0.3149905170892877,0.018518518518518517,2021,$29.99,5M - 10M
1599340,Free-to-play,Lost Ark,51,2022-02-01,2026-04-01,699094.08,1324761,97867.17882352941,31496.08,0.0,10884.5325,0.01556948172125846,0.09803921568627451,2022,Free,20M - 50M
1623730,Paid,Palworld,28,2024-01-01,2026-04-01,1146059.88,2101535,90617.97535714284,31362.379999999997,0.0,31984.896666666667,0.02790857373583889,0.03571428571428571,2024,$22.49,10M - 20M
1794680,Paid,Vampire Survivors,53,2021-12-01,2026-04-01,39031.65,77061,8155.986037735849,5609.78,0.038461538461538464,3725.8250000000003,0.09545650773154607,0.07547169811320754,2022,$4.99,5M - 10M
1818750,Free-to-play,MultiVersus,46,2022-07-01,2026-04-01,66920.13,153044,3501.2728260869567,231.09500000000003,0.0,57.87,0.0008647622172879818,0.043478260869565216,2022,Free,5M - 10M
1850510,Free-to-play,Overwatch 2,43,2022-10-01,2026-04-01,956.65,1971,191.44813953488372,143.25,0.0,143.405,0.14990330842000732,0.046511627906976744,2023,Free,10M - 20M
1938090,Free-to-play,Call of Duty (Free Tier),43,2022-10-01,2026-04-01,223897.61,488897,74759.83046511626,67184.69,0.023809523809523808,42218.83583333334,0.1885631375579817,0.06976744186046512,2022,Free,10M - 20M
2051620,Free-to-play,Enlisted,25,2024-04-01,2026-04-01,4075.3,7492,2928.3568,3133.51,0.2916666666666667,3145.724166666667,0.7719000237201351,0.84,2024,Free,5M - 10M
2183900,Paid,Warhammer 40k: Space Marine 2,20,2024-09-01,2026-04-01,77349.72,186199,14252.132000000001,10199.235,0.0,10846.5325,0.14022717212163147,0.05,2024,$38.99,5M - 10M
2358720,Paid,Black Myth: Wukong,21,2024-08-01,2026-04-01,970442.7,2406967,82127.86285714286,16640.32,0.0,12966.633333333333,0.01336156512211729,0.047619047619047616,2024,$59.99,10M - 20M
2437170,Free-to-play,SMITE 2,20,2024-09-01,2026-04-01,7216.47,21244,3820.9260000000004,3863.6850000000004,0.2631578947368421,4051.4175,0.5614126435778157,0.7,2024,Free,500K - 1M
