AppID,Title,List,ReleaseDate,WindowStart,Shifted,ReleaseScore,ReleasePositive,ReleaseNegative,ReleaseTotal,Capped,LatestScore,LatestTotal,LatestPositive,LatestNegative,Reason
730,Counter-Strike 2,free,2012-08-21,2013-11-25,True,94,11268,732,12000,True,86,9632460,8296566,1335894,pre-2013: window shifted to Steam-reviews launch
570,Dota 2,free,2013-07-09,2013-11-25,True,92,11090,909,11999,True,81,2717055,2195173,521882,pre-2013: window shifted to Steam-reviews launch
578080,PUBG: BATTLEGROUNDS,free,2017-12-21,2017-12-21,False,44,5255,6744,11999,True,60,2716779,1639409,1077370,
1172470,Apex Legends,free,2020-11-04,2020-11-04,False,86,10346,1652,11998,True,68,1050762,711000,339762,
230410,Warframe,free,2013-03-25,2013-11-25,True,94,9995,633,10628,False,88,664184,582574,81610,pre-2013: window shifted to Steam-reviews launch
236390,War Thunder,free,2013-08-15,2013-11-25,True,92,6290,562,6852,False,72,750403,543742,206661,pre-2013: window shifted to Steam-reviews launch
1599340,Lost Ark,free,2022-02-11,2022-02-11,False,75,9035,2965,12000,True,70,203195,143166,60029,
304930,Unturned,free,2017-07-07,2017-07-07,False,84,10137,1862,11999,True,91,563114,512643,50471,
440,Team Fortress 2,free,2007-10-10,2013-11-25,True,96,11546,454,12000,True,91,1233712,1121852,111860,pre-2013: window shifted to Steam-reviews launch
1850510,Overwatch 2,free,2022-10-13,2022-10-13,False,80,798,195,993,False,80,3604,2881,723,
1938090,Call of Duty (Free Tier),free,2022-10-27,2022-10-27,False,59,7134,4866,12000,True,59,772070,451747,320323,
1407200,World of Tanks,free,2021-04-28,2021-04-28,False,55,3227,2666,5893,False,80,98947,79415,19532,
273110,Counter-Strike Nexon: Studio,free,2014-10-07,2014-10-07,False,62,3492,2153,5645,False,67,43142,28769,14373,
700330,SCP: Secret Laboratory,free,2017-12-29,2017-12-29,False,80,3256,806,4062,False,91,230677,210184,20493,
698780,Doki Doki Literature Club!,free,2017-10-06,2017-10-06,False,97,11671,329,12000,True,96,221751,213949,7802,
1818750,MultiVersus,free,2022-07-19,2022-07-19,False,80,9633,2366,11999,True,76,116573,88735,27838,
677620,Splitgate,free,2019-05-24,2019-05-24,False,76,3631,1147,4778,False,91,110792,101265,9527,
466240,Deceit,free,2017-03-03,2017-03-03,False,61,893,574,1467,False,79,92463,73094,19369,
1046930,Dota Underlords,free,2019-06-20,2019-06-20,False,79,9468,2531,11999,True,82,90934,74773,16161,
218230,PlanetSide 2,free,2012-11-20,2013-11-25,True,91,4163,406,4569,False,81,74590,60058,14532,pre-2013: window shifted to Steam-reviews launch
588430,Fallout Shelter,free,2017-03-29,2017-03-29,False,84,7604,1501,9105,False,88,81220,71402,9818,
109600,Neverwinter,free,2013-12-05,2013-12-05,False,84,3293,605,3898,False,77,39475,30587,8888,
113400,APB Reloaded,free,2011-12-06,2013-11-25,True,76,2181,683,2864,False,63,37526,23766,13760,pre-2013: window shifted to Steam-reviews launch
844870,KurtzPel,free,2019-04-30,2019-04-30,False,60,6182,4138,10320,False,60,34032,20574,13458,
555570,Infestation: The New Z,free,2016-11-22,2016-11-22,False,45,5113,6253,11366,False,54,33889,18305,15584,
225840,Sven Co-op,free,2016-01-22,2016-01-22,False,90,2731,298,3029,False,94,32287,30214,2073,
211500,RaceRoom Racing Experience,free,2013-02-12,2013-11-25,True,57,316,236,552,False,76,27377,20817,6560,pre-2013: window shifted to Steam-reviews launch
273350,Evolve Stage 2,free,2015-02-10,2015-02-10,False,64,4397,2507,6904,False,70,48246,33816,14430,
308600,Gene Shift Auto,free,2017-05-23,2017-05-23,False,97,76,2,78,False,85,3017,2553,464,
253710,theHunter Classic,free,2014-06-03,2014-06-03,False,41,1654,2350,4004,False,59,44302,25936,18366,
397900,Business Tour,free,2017-07-27,2017-07-27,False,63,1363,810,2173,False,60,79684,47613,32071,
224260,No More Room in Hell,free,2013-10-31,2013-11-25,True,93,7307,541,7848,False,90,75957,68304,7653,pre-2013: window shifted to Steam-reviews launch
766570,Russian Fishing 4,free,2021-11-10,2021-11-10,False,84,2409,458,2867,False,59,86508,51318,35190,
1286830,STAR WARS: The Old Republic,free,2020-07-21,2020-07-21,False,88,9262,1248,10510,False,90,73744,66073,7671,
489520,Minion Masters,free,2019-05-24,2019-05-24,False,94,11314,686,12000,True,89,65228,58319,6909,
1049590,Eternal Return,free,2023-07-19,2023-07-19,False,73,3357,1226,4583,False,76,71041,54148,16893,
363970,Clicker Heroes,free,2015-05-13,2015-05-13,False,92,10667,982,11649,False,90,62021,55581,6440,
346900,AdVenture Capitalist,free,2015-03-30,2015-03-30,False,92,9471,792,10263,False,88,60128,52681,7447,
333930,Dirty Bomb,free,2015-06-02,2015-06-02,False,72,6881,2630,9511,False,81,56879,46254,10625,
2051620,Enlisted,free,2024-07-16,2024-07-16,False,78,7957,2288,10245,False,80,43860,35176,8684,
1335200,Action Taimanin,free,2020-10-05,2020-10-05,False,82,3644,788,4432,False,83,19290,16017,3273,
1397920,Mr.Mine,free,2020-09-30,2020-09-30,False,91,3411,357,3768,False,92,18430,16892,1538,
489940,BATTALION: Legacy,free,2019-05-23,2019-05-23,False,73,4095,1477,5572,False,60,16324,9739,6585,
1275670,Outcore: Desktop Adventure,free,2022-09-26,2022-09-26,False,97,2712,72,2784,False,97,17816,17351,465,
351640,Eternal Senia,free,2015-06-18,2015-06-18,False,98,2291,43,2334,False,98,12042,11741,301,
1147690,NGU IDLE,free,2019-10-01,2019-10-01,False,97,1682,54,1736,False,96,12767,12206,561,
1121910,I Love You Colonel Sanders!,free,2019-09-24,2019-09-24,False,94,5252,355,5607,False,92,12670,11623,1047,
2437170,SMITE 2,free,2024-08-27,2024-08-27,False,55,1833,1504,3337,False,55,21884,12063,9821,
365300,Transmissions: Element 120,free,2016-06-16,2016-06-16,False,95,2765,152,2917,False,94,9923,9377,546,
409160,Dr. Langeskov The Tiger and The Emerald,free,2015-12-04,2015-12-04,False,93,3194,233,3427,False,93,10109,9426,683,
271590,Grand Theft Auto V Legacy,paid,2015-04-13,2015-04-13,False,79,9512,2488,12000,True,88,2060534,1805316,255218,
105600,Terraria,paid,2011-05-16,2013-11-25,True,98,11656,258,11914,True,97,1525414,1485590,39824,pre-2013: window shifted to Steam-reviews launch
292030,The Witcher 3: Wild Hunt,paid,2015-05-18,2015-05-18,False,97,11621,379,12000,True,97,870346,842313,28033,
4000,Garry's Mod,paid,2006-11-29,2013-11-25,True,98,11743,257,12000,True,97,1239070,1200172,38898,pre-2013: window shifted to Steam-reviews launch
550,Left 4 Dead 2,paid,2009-11-16,2013-11-25,True,98,11802,198,12000,True,98,1035396,1009800,25596,pre-2013: window shifted to Steam-reviews launch
489830,The Elder Scrolls V: Skyrim SE,paid,2016-10-27,2016-10-27,False,89,10652,1348,12000,True,92,366776,338764,28012,
72850,The Elder Scrolls V: Skyrim,paid,2011-11-10,2013-11-25,True,98,11791,209,12000,True,95,317628,301094,16534,pre-2013: window shifted to Steam-reviews launch
252490,Rust,paid,2018-02-08,2018-02-08,False,79,8244,2182,10426,False,87,1364758,1186668,178090,
1085660,Destiny 2 (Paid Legacy Pack),paid,2019-10-01,2019-10-01,False,86,10353,1647,12000,True,77,649683,503401,146282,
2358720,Black Myth: Wukong,paid,2024-08-19,2024-08-19,False,99,11856,142,11998,True,97,1200395,1158840,41555,
553850,HELLDIVERS 2,paid,2024-02-08,2024-02-08,False,90,10806,1192,11998,True,75,1144238,859190,285048,
1623730,Palworld,paid,2024-01-18,2024-01-18,False,91,10967,1033,12000,True,94,421537,397296,24241,
1063730,New World: Aeternum,paid,2021-09-28,2021-09-28,False,59,7050,4950,12000,True,67,296658,198720,97938,
221100,DayZ,paid,2018-12-13,2018-12-13,False,43,3751,5017,8768,False,78,461470,358464,103006,
1172620,Sea of Thieves,paid,2020-06-03,2020-06-03,False,86,10339,1661,12000,True,89,369241,327606,41635,
284160,BeamNG.drive,paid,2015-05-29,2015-05-29,False,92,928,81,1009,False,97,396226,386085,10141,
548430,Deep Rock Galactic,paid,2020-05-13,2020-05-13,False,97,10660,312,10972,False,97,376245,365574,10671,
275850,No Man's Sky,paid,2016-08-12,2016-08-12,False,43,5126,6874,12000,True,85,407874,346151,61723,
1118200,People Playground,paid,2019-07-23,2019-07-23,False,97,339,9,348,False,98,312408,307642,4766,
374320,DARK SOULS III,paid,2016-04-11,2016-04-11,False,88,10529,1471,12000,True,94,435728,411080,24648,
1145360,Hades,paid,2020-09-17,2020-09-17,False,99,11926,74,12000,True,98,303825,297878,5947,
1794680,Vampire Survivors,paid,2022-10-20,2022-10-20,False,98,11768,231,11999,True,98,262548,258207,4341,
394360,Hearts of Iron IV,paid,2016-06-06,2016-06-06,False,84,3020,591,3611,False,90,366120,330305,35815,
391540,Undertale,paid,2015-09-15,2015-09-15,False,98,11812,188,12000,True,96,324062,312707,11355,
1237970,Titanfall 2,paid,2020-06-18,2020-06-18,False,96,11476,524,12000,True,96,280245,267935,12310,
976730,Halo: The Master Chief Collection,paid,2019-12-03,2019-12-03,False,91,10899,1101,12000,True,92,258699,238094,20605,
1238810,Battlefield V,paid,2020-10-22,2020-10-22,False,73,4798,1780,6578,False,71,266187,188075,78112,
632360,Risk of Rain 2,paid,2020-08-11,2020-08-11,False,96,11555,445,12000,True,94,347777,326159,21618,
1551360,Forza Horizon 5,paid,2021-11-08,2021-11-08,False,89,10732,1266,11998,True,89,273734,243998,29736,
49520,Borderlands 2,paid,2012-09-17,2013-11-25,True,97,11692,308,12000,True,89,310839,278158,32681,pre-2013: window shifted to Steam-reviews launch
526870,Satisfactory,paid,2024-09-10,2024-09-10,False,100,11944,54,11998,True,97,270865,263451,7414,
1426210,It Takes Two,paid,2021-03-25,2021-03-25,False,96,11465,535,12000,True,95,261176,249184,11992,
294100,RimWorld,paid,2018-10-17,2018-10-17,False,99,9018,129,9147,False,98,240021,234936,5085,
782330,DOOM Eternal,paid,2020-03-19,2020-03-19,False,75,8941,3059,12000,True,91,214838,196310,18528,
427520,Factorio,paid,2020-08-14,2020-08-14,False,99,11089,163,11252,False,98,229844,224112,5732,
435150,Divinity: Original Sin 2,paid,2017-09-14,2017-09-14,False,96,11529,471,12000,True,96,202950,194191,8759,
268910,Cuphead,paid,2017-09-29,2017-09-29,False,98,11699,299,11998,True,96,210113,202189,7924,
203160,Tomb Raider,paid,2013-03-04,2013-11-25,True,97,6113,213,6326,False,96,265325,254828,10497,pre-2013: window shifted to Steam-reviews launch
646570,Slay the Spire,paid,2019-01-23,2019-01-23,False,97,2598,86,2684,False,98,213141,207970,5171,
12210,Grand Theft Auto IV: Complete,paid,2020-03-24,2020-03-24,False,79,4410,1181,5591,False,83,195734,162747,32987,
518790,theHunter: Call of the Wild,paid,2017-02-16,2017-02-16,False,76,2528,796,3324,False,89,197517,175959,21558,
534380,Dying Light 2 Stay Human,paid,2022-02-03,2022-02-03,False,74,8918,3082,12000,True,79,213404,168858,44546,
588650,Dead Cells,paid,2018-08-06,2018-08-06,False,93,2738,203,2941,False,97,180271,174947,5324,
1229490,ULTRAKILL,paid,2020-09-03,2020-09-03,False,98,3504,56,3560,False,97,230464,224496,5968,
311210,Call of Duty: Black Ops III,paid,2015-11-05,2015-11-05,False,62,7496,4504,12000,True,85,229247,194791,34456,
1332010,Stray,paid,2022-07-19,2022-07-19,False,97,11586,413,11999,True,97,172377,167579,4798,
48700,Mount & Blade: Warband,paid,2010-03-31,2013-11-25,True,99,2359,28,2387,False,98,170980,167086,3894,pre-2013: window shifted to Steam-reviews launch
306130,The Elder Scrolls Online,paid,2017-05-22,2017-05-22,False,78,1425,399,1824,False,81,160044,129570,30474,
244210,Assetto Corsa,paid,2014-12-19,2014-12-19,False,88,1005,133,1138,False,93,169914,157705,12209,
2183900,Warhammer 40k: Space Marine 2,paid,2024-09-09,2024-09-09,False,96,11573,427,12000,True,84,211931,177356,34575,
